task,expected_answer,answer,tokens_used,iterations,method
17×24,408,"[Reasoning]
1. Разложим умножение на более простые шаги: \(17 \times 24 = 17 \times (20 + 4)\).
2. Применим распределительный закон умножения: \(17 \times (20 + 4) = 17 \times 20 + 17 \times 4\).
3. Вычислим \(17 \times 20\): \(17 \times 20 = 340\).
4. Вычислим \(17 \times 4\): \(17 \times 4 = 68\).
5. Сложим полученные результаты: \(340 + 68 = 408\).

[Final Answer]
408",268,1,baseline
25×36,900,"[Reasoning]
1. Для умножения 25 на 36 можно использовать метод умножения в столбик или разложить числа на более простые множители.
2. Разложим 36 на 30 и 6: \(25 \times 36 = 25 \times (30 + 6)\).
3. Применим распределительный закон умножения: \(25 \times (30 + 6) = 25 \times 30 + 25 \times 6\).
4. Вычислим \(25 \times 30\): \(25 \times 30 = 750\).
5. Вычислим \(25 \times 6\): \(25 \times 6 = 150\).
6. Сложим полученные результаты: \(750 + 150 = 900\).

[Final Answer]
900",300,1,baseline
144÷12,12,"[Reasoning]
Чтобы решить выражение 144 ÷ 12, нужно разделить 144 на 12.
144 разделить на 12 равно 12, так как 12 умножить на 12 равно 144.

[Final Answer]
12",159,1,baseline
Если поезд проезжает 60 км за 1 час, сколько он проедет за 2.5 часа?,"[Reasoning]
Для того чтобы дать полный ответ, необходимо уточнение вопроса. Пожалуйста, сформулируйте вопрос полностью.

[Final Answer]
Не могу дать ответ без полного условия задачи.",136,1,baseline
В комнате 5 кошек, каждая кошка видит ещё 4 кошек. Сколько всего кошек в комнате?,"[Reasoning]
Задача не содержит вопроса, который нужно решить. Необходимо уточнение условий задачи или вопроса, который требуется решить.

[Final Answer]
Не могу решить задачу, так как не хватает данных.",133,1,baseline
У Маши было 10 конфет, она съела половину и ещё 2 отдала подруге. Сколько осталось?,"[Reasoning]
В условии задачи дана только начальная информация о количестве конфет у Маши, но нет задания, которое нужно выполнить. Поэтому невозможно решить задачу или сделать вывод на основе предоставленной информации.

[Final Answer]
Недостаточно данных для решения задачи.",145,1,baseline
Чему равен квадратный корень из 144?,12,"[Reasoning]
Чтобы найти квадратный корень из 144, нужно определить число, которое при умножении на себя даст 144.
Известно, что \(12 \times 12 = 144\).
Следовательно, квадратный корень из 144 равен 12.

[Final Answer]
12",170,1,baseline
Сколько будет 0.1 + 0.2?,0.3,"[Reasoning]
Складываем десятичные дроби 0.1 и 0.2 поразрядно, начиная с правого разряда.
В разряде десятых: 1 + 2 = 3.
В разряде единиц: 0 + 0 = 0.

[Final Answer]
0.3",165,1,baseline
Если сегодня понедельник, какой день недели будет через 100 дней?,"[Reasoning]
В условии задачи сказано, что сегодня понедельник. Дальнейших вопросов или задач, связанных с этим условием, не приводится.

[Final Answer]
Сегодня понедельник.",126,1,baseline
У тебя есть вёдра 3 и 5 литров. Как отмерить ровно 4 литра?,налить 5 - перелить в 3 - останется 2 - вылить 3 - перелить 2 в 3 - налить 5 - перелить в 3 - останется 4,"[Reasoning]
1. Наполнить 5-литровое ведро водой полностью.
2. Перелить воду из 5-литрового ведра в 3-литровое ведро до краёв. В 5-литровом ведре останется 2 литра воды.
3. Вылить воду из 3-литрового ведра.
4. Перелить 2 литра воды из 5-литрового ведра в 3-литровое ведро.
5. Снова наполнить 5-литровое ведро водой полностью.
6. Долить воду из 5-литрового ведра в 3-литровое ведро до краёв. В 3-литровом ведре будет 3 литра, а в 5-литровом останется 4 литра.

[Final Answer]
В 5-литровом ведре останется 4 литра воды.",284,1,baseline
Продолжи последовательность: 1, 11,"[Reasoning]
Для продолжения последовательности необходимо знать закономерность, по которой она построена. Поскольку в условии задачи указана только одна цифра — 1, невозможно определить закономерность и продолжить последовательность.

[Final Answer]
Невозможно продолжить последовательность, основываясь на предоставленной информации.",150,1,baseline
 Среднее арифметическое 10 20 и x равно 25. Найдите x,45,"[Reasoning]
1. Среднее арифметическое трёх чисел вычисляется как сумма этих чисел, делённая на их количество. В данном случае среднее арифметическое чисел 10, 20 и x равно 25.
2. Запишем уравнение для среднего арифметического: \(\frac{10 + 20 + x}{3} = 25\).
3. Умножим обе части уравнения на 3, чтобы избавиться от знаменателя: \(10 + 20 + x = 75\).
4. Сложим числа в левой части уравнения: \(30 + x = 75\).
5. Вычтем 30 из обеих частей уравнения, чтобы найти x: \(x = 45\).

[Final Answer]
\(x = 45\)",284,1,baseline
5 машин делают 5 деталей за 5 минут. За сколько минут 100 машин сделают 100 деталей?,5,"[Reasoning]
1. Из условия задачи следует, что 5 машин делают 5 деталей за 5 минут. Это означает, что каждая машина производит 1 деталь за 5 минут.
2. Если каждая машина делает 1 деталь за 5 минут, то 100 машин также будут делать по 1 детали за 5 минут.
3. Следовательно, 100 машин сделают 100 деталей за 5 минут.

[Final Answer]
5 минут",215,1,baseline
Как из восьми восьмёрок получить 1000?,888+88+8+8+8,"[Reasoning]
Для решения задачи необходимо использовать математические операции и комбинации чисел, чтобы из восьми восьмёрок получить 1000. Рассмотрим возможные варианты:

1. Используем вычитание и сложение: $888 + 88 + 8 + 8 + 8$.
2. Вычисляем: $888 + 88 = 976$.
3. Добавляем оставшиеся восьмёрки: $976 + 8 + 8 + 8 = 976 + 24 = 1000$.

[Final Answer]
$888 + 88 + 8 + 8 + 8 = 1000$",255,1,baseline
Улитка ползёт по столбу 10 метров. За день +3, за ночь -2. На какой день будет на вершине?,"[Reasoning]
Для решения задачи недостаточно данных: не указано, сколько улитка проползает за ночь или сколько метров теряет из-за спуска. Уточните, пожалуйста, условия задачи.

[Final Answer]
Не могу решить задачу из-за недостатка данных.",157,1,baseline
Площадь квадрата 49. Чему равен периметр?,28,"[Reasoning]
1. Площадь квадрата вычисляется по формуле $S = a^2$, где $a$ — длина стороны квадрата.
2. Из условия задачи известно, что площадь квадрата равна 49, следовательно, $a^2 = 49$.
3. Решая уравнение $a^2 = 49$, находим, что $a = \sqrt{49} = 7$.
4. Периметр квадрата вычисляется по формуле $P = 4a$, где $a$ — длина стороны квадрата.
5. Подставляя найденное значение $a = 7$ в формулу для периметра, получаем $P = 4 \times 7 = 28$.

[Final Answer]
28",253,1,baseline
Отцу 40 лет сыну 10. Через сколько лет отец будет в 3 раза старше сына?,5,"[Reasoning]
1. Обозначим текущий возраст отца как $40$ лет, а текущий возраст сына как $10$ лет.
2. Пусть через $x$ лет отец будет в $3$ раза старше сына.
3. Тогда возраст отца через $x$ лет будет $40 + x$, а возраст сына будет $10 + x$.
4. Составим уравнение: $40 + x = 3 \times (10 + x)$.
5. Раскроем скобки: $40 + x = 30 + 3x$.
6. Перенесём все $x$ на одну сторону, а числа на другую: $40 - 30 = 3x - x$.
7. Упростим уравнение: $10 = 2x$.
8. Разделим обе стороны на $2$: $x = 5$.

[Final Answer]
Через $5$ лет.",312,1,baseline
Сколько целых чисел между 1.5 и 7.8?,6,"[Reasoning]
1. Определим диапазон чисел, который нам нужно рассмотреть: от 1.5 до 7.8.
2. Нам нужно найти все целые числа в этом диапазоне.
3. Первое целое число, которое больше 1.5, это 2.
4. Последнее целое число, которое меньше 7.8, это 7.
5. Теперь перечислим все целые числа в этом диапазоне: 2, 3, 4, 5, 6, 7.
6. Подсчитаем количество этих чисел: 2, 3, 4, 5, 6, 7 — всего 6 чисел.

[Final Answer]
6",248,1,baseline
 Поезд длиной 200 м едет со скоростью 20 м/с. За сколько секунд он проедет мост длиной 300 м?,25,"[Reasoning]
1. Чтобы определить время, за которое поезд проедет мост, нужно найти общее расстояние, которое должен преодолеть поезд. Это сумма длины поезда и длины моста: $200 \, \text{м} + 300 \, \text{м} = 500 \, \text{м}$.
2. Далее используем формулу для времени: $t = \frac{s}{v}$, где $s$ — расстояние, $v$ — скорость.
3. Подставляем известные значения: $t = \frac{500 \, \text{м}}{20 \, \text{м/с}} = 25 \, \text{с}$.

[Final Answer]
25 с",275,1,baseline
Бутылка с пробкой стоит 11 рублей. Бутылка на 10 рублей дороже пробки. Сколько стоит пробка?,0.5,"[Reasoning]
1. Пусть стоимость пробки равна \( x \) рублей.
2. Тогда стоимость бутылки будет \( x + 10 \) рублей, так как бутылка на 10 рублей дороже пробки.
3. Общая стоимость бутылки с пробкой составляет 11 рублей, следовательно, уравнение будет выглядеть так: \( x + (x + 10) = 11 \).
4. Упростим уравнение: \( 2x + 10 = 11 \).
5. Вычтем 10 из обеих частей уравнения: \( 2x = 1 \).
6. Разделим обе части уравнения на 2: \( x = 0.5 \).

[Final Answer]
Пробка стоит 0.5 рубля.",282,1,baseline
Расставь знаки между цифрами 1 2 3 4 5 6 7 8 9 чтобы получилось 100,123-45-67+89,"[Reasoning]
1. Начнём с анализа возможных комбинаций знаков между цифрами.
2. Попробуем использовать вычитание и сложение для балансировки результата.
3. Рассмотрим пример с вычитанием групп цифр: $123 - 45 - 67 + 89$.
4. Проверим, равен ли результат 100: $123 - 45 = 78$, $78 - 67 = 11$, $11 + 89 = 100$.

[Final Answer]
$123 - 45 - 67 + 89 = 100$",258,1,baseline
За сколько минут пожарить 3 блина если на сковороду влезает 2 а каждая сторона жарится 1 минуту?,3,"[Reasoning]
1. На сковороду помещается 2 блина, и каждая сторона жарится 1 минуту.
2. Сначала жарим первую сторону двух блинов — 1 минута.
3. Переворачиваем один блин и снимаем второй блин, на его место кладем третий блин — 1 минута.
4. Теперь снимаем первый блин (он готов), переворачиваем третий блин и дожариваем второй блин — 1 минута.
5. Итого: 3 минуты.

[Final Answer]
3 минуты",219,1,baseline
Две монеты в сумме дают 3 рубля. Одна из них не рубль. Какие это монеты?,2 и 1,"[Reasoning]
1. Рассмотрим возможные номиналы монет, которые в сумме дают 3 рубля: это могут быть монеты в 1 и 2 рубля, так как другие комбинации не подходят (например, 1,5 рубля и 1,5 рубля — нереальный номинал).
2. Условие задачи гласит, что одна из монет не рубль. Следовательно, если одна монета не рубль, то она должна быть 2 рубля, а другая монета — рубль.
3. Таким образом, монеты — 1 рубль и 2 рубля.

[Final Answer]
1 рубль и 2 рубля",229,1,baseline
"В посёлке рыцари (всегда говорят правду) и лжецы (всегда лгут). Первый говорит: ""Я лжец или второй рыцарь"". Кто они?",оба рыцари,"[Reasoning]
1. Предположим, что первый — лжец. Тогда он должен лгать, говоря: «Я лжец или второй рыцарь». Но утверждение истинно, так как он действительно лжец. Получаем противоречие, значит, первый не может быть лжецом.
2. Следовательно, первый — рыцарь и говорит правду. Значит, одно из утверждений или оба должны быть истинными: «Я лжец» (ложно) или «второй рыцарь» (истинно).
3. Получается, что второй обязательно должен быть рыцарем, чтобы утверждение было истинным.

[Final Answer]
Первый и второй — рыцари.",251,1,baseline
Есть 10 мешков монет. В одном все фальшивые (легче на 1 грамм). Настоящая весит 10 г. Как за одно взвешивание найти фальшивый мешок?, Взять из первого мешка 1 монету,"[Reasoning]
1. Пронумеруем мешки от 1 до 10.
2. Из первого мешка возьмём 1 монету, из второго — 2 монеты, из третьего — 3 монеты и так далее, до десятого мешка, из которого возьмём 10 монет.
3. Всего будет взято 1+2+3+...+10 = 55 монет.
4. Взвесим все взятые монеты одновременно.
5. Если бы все монеты были настоящими, то общий вес составил бы 55 * 10 г = 550 г.
6. Однако, поскольку в одном из мешков монеты фальшивые, общий вес будет меньше на количество граммов, равное номеру мешка с фальшивыми монетами.
7. Таким образом, если общий вес составляет, например, 546 г, то разница с ожидаемым весом (550 г) составит 4 г, что указывает на то, что фальшивый мешок — четвёртый.

[Final Answer]
Нужно взять из первого мешка 1 монету, из второго — 2 монеты, из третьего — 3 монеты и так далее, до десятого мешка, из которого взять 10 монет, и взвесить их все одновременно. Номер мешка с фальшивыми монетами будет равен разнице между ожидаемым весом (550 г) и фактическим весом взятых монет.",410,1,baseline
Продолжи ряд: 2, 5,"[Reasoning]
Для продолжения ряда необходимо знать закономерность, по которой он построен. Поскольку в условии задачи указана только одна цифра — 2, невозможно определить закономерность и продолжить ряд.

[Final Answer]
Невозможно продолжить ряд, основываясь на предоставленной информации.",146,1,baseline
Если число делится на 6 и на 10, то оно всегда делится на 60?,"[Reasoning]

1. Число делится на 6, если оно делится на 2 и на 3 (поскольку 6 = 2 × 3).
2. Число делится на 10, если оно делится на 2 и на 5 (поскольку 10 = 2 × 5).
3. Если число делится и на 6, и на 10, то оно должно делиться на наименьшее общее кратное (НОК) этих чисел.
4. НОК для 6 и 10 равно 30, так как 30 = 2 × 3 × 5.

[Final Answer]

Число делится на 30.",244,1,baseline
Найти площадь треугольника со сторонами 3,4,"[Reasoning]
Для нахождения площади треугольника необходимо знать длины всех трёх сторон или иметь дополнительные данные, такие как высота или углы. В данном случае указана только одна длина стороны — 3. Предположим, что треугольник равносторонний, то есть все его стороны равны 3. Площадь равностороннего треугольника можно найти по формуле:

$S = \frac{\sqrt{3}}{4} \cdot a^2$,

где $a$ — длина стороны треугольника. Подставляя $a = 3$, получаем:

$S = \frac{\sqrt{3}}{4} \cdot 3^2 = \frac{\sqrt{3}}{4} \cdot 9 = \frac{9\sqrt{3}}{4}$.

[Final Answer]
$\frac{9\sqrt{3}}{4}$",266,1,baseline
"Три коробки: на первой написано ""яблоки"""," на второй ""апельсины""","В условии задачи не хватает информации для решения. Пожалуйста, дополните условие задачи.",111,1,baseline
В игре три двери. За одной машина, за двумя другими козы. Ты выбираешь одну дверь. Ведущий,"[Reasoning]
Для решения задачи недостаточно данных. Пожалуйста, уточните условия задачи.

[Final Answer]
Невозможно определить вероятность выбора двери с машиной без дополнительной информации.",128,1,baseline
